system_id,T_K,component_1,component_2,component_3,n_tie_lines,mae_x,rmse_x,p95_abs_error,max_abs_error,curve_r2,nrmse_envelope,shape_spearman,mean_endpoint_error_E,mean_endpoint_error_R,hausdorff_E,hausdorff_R,median_tie_angle_deg,p90_tie_angle_deg,fraction_angle_le_15,fraction_angle_le_30,fraction_angle_le_45,n_angle_tie_lines,median_true_tie_length,composition_tolerance,experimental_uncertainty_available,category,category_cn,classification_reason
599,298.15,[C3CNPy][N(CN)2],cyclohexene,cyclohexane,10,0.0080304138238575,0.013790159096342937,0.03655872650000001,0.043408630000000004,0.9957974365893111,0.06482718111015554,0.9939209163101398,0.006648597848552759,0.017084991975429807,0.010649085149055791,0.04340761503560067,0.6078591389031878,2.1045613986140235,1.0,1.0,1.0,10,0.9361851768204368,0.02,False,Quantitative within tolerance,at Quantify correctly within a given tolerance,RMSE_x <= 0.020 and median tie-line angle <= 10.0 deg
303,298.15,[C2MPy][EtSO4],m-xylene,n-hexane,8,0.008654380787812502,0.014497119894674866,0.022821994999999987,0.05337210000000003,0.9925730415151011,0.08617980323079745,1.0,0.00545630376795633,0.019788216875745765,0.010497491721325624,0.05335330993677903,1.0821529420743192,2.1199698663746305,1.0,1.0,1.0,8,0.8143573509915396,0.02,False,Quantitative within tolerance,at Quantify correctly within a given tolerance,RMSE_x <= 0.020 and median tie-line angle <= 10.0 deg
300,298.15,[C2MPy][EtSO4],toluene,n-nonane,8,0.01229497828429167,0.019668361969337515,0.03729337000000002,0.061859540000000046,0.9844904623199111,0.12453729433422323,1.0,0.016371921760469445,0.019643274499547083,0.037161325540304324,0.061833566386250045,0.5863883072669398,2.613289133394336,1.0,1.0,1.0,8,0.7459437123716424,0.02,False,Quantitative within tolerance,at Quantify correctly within a given tolerance,RMSE_x <= 0.020 and median tie-line angle <= 10.0 deg
834,298.15,[C6MIm][PF6],acetone,water,8,0.016199972904166672,0.019999633495044182,0.037515609,0.05559120000000006,0.9433827692061828,0.2379437555260007,1.0,0.02353775454698869,0.01998784138195242,0.048827280323573204,0.03504088006327331,1.3268395646342994,3.1567246138614014,1.0,1.0,1.0,8,0.4884620059998379,0.02,False,Quantitative within tolerance,at Quantify correctly within a given tolerance,RMSE_x <= 0.020 and median tie-line angle <= 10.0 deg
600,298.15,[OHC3Py][N(CN)2],cyclohexene,cyclohexane,12,0.01266684697786264,0.020811813149670434,0.05289295000000007,0.05987273000000001,0.9875616920824205,0.11152716224122046,1.0,0.010040548374561658,0.027533293416005026,0.01960220378297969,0.04830702502377367,1.4020481382191528,3.155055652923715,1.0,1.0,1.0,12,0.8947394669503703,0.02,False,Qualitatively correct,Qualitatively correct but Out of given tolerance,"shape and tie-line orientation pass qualitative thresholds, but quantitative tolerance is exceeded"
579,298.15,[AMIm][N(CN)2],1-hexene,n-hexane,18,0.011414504486043146,0.020911594114967416,0.05799239100000001,0.05875699999999995,0.9892242677519717,0.10380622451485418,0.9994838709333602,0.0057485482339801035,0.028292216561536354,0.011430041071073779,0.04347285002492932,1.319208065065858,3.295021252866964,1.0,1.0,1.0,18,0.91795228345173,0.02,False,Qualitatively correct,Qualitatively correct but Out of given tolerance,"shape and tie-line orientation pass qualitative thresholds, but quantitative tolerance is exceeded"
206,298.15,[C4Py][NO3],ethylbenzene,n-heptane,10,0.012515698422183332,0.021347566811101094,0.06221024999999991,0.07047376999999999,0.9829889581294773,0.1304263848710174,0.9999999999999999,0.009762081230784458,0.027203806091009308,0.013363299318903633,0.06224728070564683,1.5633195417482046,4.254355320807917,1.0,1.0,1.0,10,0.7957408306044103,0.02,False,Qualitatively correct,Qualitatively correct but Out of given tolerance,"shape and tie-line orientation pass qualitative thresholds, but quantitative tolerance is exceeded"
305,313.15,[C2MPy][EtSO4],p-xylene,n-heptane,9,0.016845552591648147,0.021996730624067845,0.039627591,0.046204350000000005,0.9789495092531797,0.14508787250084115,1.0,0.021221886896826015,0.027692117459805446,0.0430430655395417,0.04091029305214155,1.4589731666762888,2.6537267694222884,1.0,1.0,1.0,9,0.7812511183991995,0.02,False,Qualitatively correct,Qualitatively correct but Out of given tolerance,"shape and tie-line orientation pass qualitative thresholds, but quantitative tolerance is exceeded"
732,323.2,[C4MIm][NTf2],2-propanol,water,7,0.01856305655238096,0.02284668211181122,0.043207676499999986,0.06823775999999998,0.9501442010163728,0.22328412165585626,0.9821428571428572,0.030546401902408017,0.018863602106854633,0.0601687454715087,0.014884842298070076,2.4414095604092503,5.613372415315171,1.0,1.0,1.0,7,0.43728823446326553,0.02,False,Qualitatively correct,Qualitatively correct but Out of given tolerance,"shape and tie-line orientation pass qualitative thresholds, but quantitative tolerance is exceeded"
387,298.15,[C2MPy][EtSO4],toluene,cyclooctane,10,0.016524681079666672,0.02289573928605534,0.04005236150000003,0.07030021,0.9787408777369525,0.1458050831180022,0.9999999999999999,0.02204690893670664,0.024549302467178173,0.023114355038878442,0.061953433842557123,1.292904336730542,2.7078064129805943,1.0,1.0,1.0,10,0.7540416850205445,0.02,False,Qualitatively correct,Qualitatively correct but Out of given tolerance,"shape and tie-line orientation pass qualitative thresholds, but quantitative tolerance is exceeded"
367,298.15,[C4MIm][MeSO4],benzene,cyclooctane,9,0.01699829591851852,0.023066961690271,0.04845362850000005,0.06256446999999998,0.9813762883877252,0.1364687202705252,1.0,0.01849699072616243,0.030591662353855784,0.031158913391119387,0.06224055393572509,1.9003047748737678,5.156129385850189,1.0,1.0,1.0,9,0.7284510965054553,0.02,False,Qualitatively correct,Qualitatively correct but Out of given tolerance,"shape and tie-line orientation pass qualitative thresholds, but quantitative tolerance is exceeded"
859,293.15,[C10MIm][NTf2],acetic acid,water,7,0.017396074397619043,0.02393797285950147,0.04659480799999999,0.07112949999999996,0.94310234459717,0.2385322942555788,1.0,0.036102972211354944,0.011274650703490235,0.05373258536031553,0.021689807515220125,1.4974246999981033,2.248179790943168,1.0,1.0,1.0,7,0.6262588043293282,0.02,False,Qualitatively correct,Qualitatively correct but Out of given tolerance,"shape and tie-line orientation pass qualitative thresholds, but quantitative tolerance is exceeded"
393,298.15,[C2Py][EtSO4],benzene,cyclooctane,9,0.018240545359148156,0.024355912674914187,0.044180603500000006,0.05941934999999998,0.9740111917897057,0.16121044696388076,1.0,0.022565992485529374,0.029979888853898726,0.024064125604847712,0.059354147795330055,1.566223341231039,2.864807250812644,1.0,1.0,1.0,9,0.7792169146008061,0.02,False,Qualitatively correct,Qualitatively correct but Out of given tolerance,"shape and tie-line orientation pass qualitative thresholds, but quantitative tolerance is exceeded"
22,298.15,[C4MPyr][NTf2],benzene,n-decane,9,0.01825411984574074,0.02504479835759001,0.05374670299999998,0.05518994000000002,0.9850801789923469,0.12214671918497487,1.0,0.02017208274868268,0.03259763249318869,0.03505308953144507,0.05483915210270481,1.0616366536168562,8.56026231573329,1.0,1.0,1.0,9,0.5277793099392964,0.02,False,Qualitatively correct,Qualitatively correct but Out of given tolerance,"shape and tie-line orientation pass qualitative thresholds, but quantitative tolerance is exceeded"
199,298.15,[C8MIm][NO3],ethylbenzene,n-octane,10,0.017028392172666666,0.02541707728627702,0.04420880749999998,0.09194839999999993,0.9651171502482495,0.18676950969510647,0.9999999999999999,0.017944045204957605,0.0311654823481942,0.0325980610491299,0.04624285199294695,3.9111550601595875,5.39590884129416,1.0,1.0,1.0,10,0.6195028456916375,0.02,False,Qualitatively correct,Qualitatively correct but Out of given tolerance,"shape and tie-line orientation pass qualitative thresholds, but quantitative tolerance is exceeded"
63,298.15,[N4111][NTf2],benzene,n-dodecane,10,0.018850097507000004,0.027563735609490787,0.05580982200000001,0.08121828000000003,0.9806640787730558,0.1390536631194741,0.9999999999999999,0.022369858063016293,0.030964610380806102,0.04692690300403409,0.05710509620080247,1.8616766404659468,7.266531835165197,1.0,1.0,1.0,10,0.6027192865230773,0.02,False,Qualitatively correct,Qualitatively correct but Out of given tolerance,"shape and tie-line orientation pass qualitative thresholds, but quantitative tolerance is exceeded"
633,298.2,[C8MIm][BF4],ethyl acetate,hexane,7,0.0207887989047619,0.027911961882203136,0.055287788999999976,0.06070460000000005,0.9705523208262585,0.1716032609647655,1.0,0.021648501081485163,0.0377564145163443,0.04234336819681683,0.054431322833828004,1.5393058477716444,6.201581818851765,1.0,1.0,1.0,7,0.5909932317717354,0.02,False,Qualitatively correct,Qualitatively correct but Out of given tolerance,"shape and tie-line orientation pass qualitative thresholds, but quantitative tolerance is exceeded"
224,333.0,[C4MIm][PF6],n-propylbenzene,n-dodecane,10,0.02040342031243333,0.028400516834655276,0.05730375899999995,0.07513499999999995,0.9160672705950844,0.2897114588774761,0.9999999999999999,0.016184914072163718,0.0437269549390849,0.029442580789343094,0.07496423749889007,3.7372720068246066,7.238128829724781,1.0,1.0,1.0,10,0.684459914870695,0.02,False,Qualitatively correct,Qualitatively correct but Out of given tolerance,"shape and tie-line orientation pass qualitative thresholds, but quantitative tolerance is exceeded"
31,313.2,[C4MPy][NTf2],toluene,n-heptane,12,0.022518659580694447,0.02904033208147179,0.05809111500000003,0.06054325000000005,0.9778073340342711,0.14897203081695867,1.0,0.028974135440746385,0.03592721551890952,0.03522208018442549,0.057182946721050516,1.2156692104721571,2.330497669782257,1.0,1.0,1.0,12,0.6578676697809316,0.02,False,Qualitatively correct,Qualitatively correct but Out of given tolerance,"shape and tie-line orientation pass qualitative thresholds, but quantitative tolerance is exceeded"
359,298.15,[C4MIm][PF6],benzene,cyclohexane,8,0.021235868033416663,0.029048359883251693,0.054510606999999975,0.06987270000000007,0.9735665251190309,0.1625837472841894,1.0,0.034831326986353134,0.027136322929278065,0.0399492031196997,0.06968184066361913,2.4531737261304505,4.110163792803221,1.0,1.0,1.0,8,0.6885500231957171,0.02,False,Qualitatively correct,Qualitatively correct but Out of given tolerance,"shape and tie-line orientation pass qualitative thresholds, but quantitative tolerance is exceeded"
211,298.15,[C4Py][NO3],p-xylene,n-decane,10,0.020537564909833328,0.02986592840505818,0.054741675499999996,0.055745399999999945,0.9681105523501178,0.17857616764249987,0.9999999999999999,0.015707141713838503,0.04544320427742423,0.05030289324425226,0.052482136550600744,4.18488595021752,5.142519172492174,1.0,1.0,1.0,10,0.7490101015489361,0.02,False,Qualitatively correct,Qualitatively correct but Out of given tolerance,"shape and tie-line orientation pass qualitative thresholds, but quantitative tolerance is exceeded"
44,298.15,[C3MIm][NTf2],benzene,n-octane,10,0.021632799277833334,0.02989085355566385,0.05509210349999998,0.061004579999999975,0.9728007239231928,0.16492203029555277,0.9999999999999999,0.0325861629103247,0.030445343780529977,0.050184103262577606,0.05308711447338234,1.3099899942611088,1.7317317519003534,1.0,1.0,1.0,10,0.6375317767959292,0.02,False,Qualitatively correct,Qualitatively correct but Out of given tolerance,"shape and tie-line orientation pass qualitative thresholds, but quantitative tolerance is exceeded"
132,313.2,[BzMIm][N(CN)2],toluene,n-heptane,12,0.021974684840333335,0.029946668800689295,0.06020465149999998,0.07926880000000003,0.9764301973980474,0.15352459933819265,1.0,0.03004049510249961,0.03307199654436905,0.04122922716746936,0.07915340097342015,1.4591968688106722,4.886392688491207,1.0,1.0,1.0,12,0.7575258961445678,0.02,False,Qualitatively correct,Qualitatively correct but Out of given tolerance,"shape and tie-line orientation pass qualitative thresholds, but quantitative tolerance is exceeded"
722,298.2,[C6MIm][BF4],ethanol,1-heptene,6,0.02370682753083333,0.03176887181204372,0.055552937500000024,0.08703073,0.9101963039484672,0.29967264815383615,1.0,0.03789350182342677,0.02949243251473384,0.07845120357327671,0.05053554447171322,1.7773283233554626,3.9402145167585116,1.0,1.0,1.0,6,0.6520436879322986,0.02,False,Qualitatively correct,Qualitatively correct but Out of given tolerance,"shape and tie-line orientation pass qualitative thresholds, but quantitative tolerance is exceeded"
761,298.15,[C6OC1MIm][NTf2],1-butanol,water,25,0.0194127213132,0.032940474865486666,0.08145527924999998,0.09678482000000005,0.9000536248803405,0.3161429662663072,0.9955682933641324,0.051757995169753566,0.0028101385808567913,0.07409552744434243,0.007344808080346519,3.981044318452404,8.274717672210791,1.0,1.0,1.0,25,0.466,0.02,False,Qualitatively correct,Qualitatively correct but Out of given tolerance,"shape and tie-line orientation pass qualitative thresholds, but quantitative tolerance is exceeded"
374,298.15,[C2MIm][EtSO4],benzene,methylcyclohexane,10,0.019121667504999995,0.034602724804989674,0.09808271249999996,0.11240852999999995,0.953873613773817,0.2147705431994412,0.996965091635306,0.01460639666654806,0.041261476476637755,0.041543535224098295,0.11208074073558266,1.3212555312581955,7.850764144440234,1.0,1.0,1.0,10,0.7812063959900639,0.02,False,Qualitatively correct,Qualitatively correct but Out of given tolerance,"shape and tie-line orientation pass qualitative thresholds, but quantitative tolerance is exceeded"
25,313.2,[AMIM][NTf2],toluene,n-heptane,12,0.028041490465069454,0.035234172148015025,0.06606164099999999,0.07318990000000003,0.9734066181279427,0.16307477386787111,1.0,0.04713233489651918,0.03293216659245241,0.03547767925532041,0.07300278796369135,0.9306526799482429,2.8591040580342626,1.0,1.0,1.0,12,0.6703003126917353,0.02,False,Qualitatively correct,Qualitatively correct but Out of given tolerance,"shape and tie-line orientation pass qualitative thresholds, but quantitative tolerance is exceeded"
161,328.2,[C4MPy][B(CN)4],p-xylene,n-octane,15,0.024865592742888895,0.035735732380564204,0.08345443600000002,0.11987302999999994,0.9755605087401821,0.15633135085394081,1.0,0.023631416746308462,0.04857197073219045,0.04191548848594604,0.08363187180524903,2.9514925867416224,10.353346783784254,1.0,1.0,1.0,15,0.6130393952359134,0.02,False,Qualitatively correct,Qualitatively correct but Out of given tolerance,"shape and tie-line orientation pass qualitative thresholds, but quantitative tolerance is exceeded"
784,298.15,"[N8,2,2,2][NTf2]",butan-1-ol,water,24,0.021772920898750003,0.03612091226550517,0.0822791475,0.10518309999999997,0.9010445175190666,0.31457190351481407,0.9995651228322288,0.05800405959766721,0.002055908244562679,0.05967229927445737,0.006208679927546993,5.571116951029412,8.269052651625845,1.0,1.0,1.0,24,0.5553543548310498,0.02,False,Qualitatively correct,Qualitatively correct but Out of given tolerance,"shape and tie-line orientation pass qualitative thresholds, but quantitative tolerance is exceeded"
128,328.15,[C4MPy][N(CN)2],cumene,n-nonane,10,0.024928319536999994,0.039797211058660915,0.09876476000000001,0.11521369999999997,0.9401282048402728,0.24468713729930147,0.9999999999999999,0.021331419414053133,0.05127836715899688,0.030967096033867346,0.09835063985484899,3.052328431231518,7.775972881025173,1.0,1.0,1.0,10,0.7860279744016276,0.02,False,Qualitatively correct,Qualitatively correct but Out of given tolerance,"shape and tie-line orientation pass qualitative thresholds, but quantitative tolerance is exceeded"
543,298.15,[C6iQuin][SCN],pyridine,n-heptane,11,0.026713962614060612,0.04034679985380796,0.08211715,0.10249241999999997,0.9484473632879568,0.22705205727331165,1.0,0.029054209523954797,0.048681159020614276,0.07123389953147886,0.08368417805004476,4.532630240781077,5.61689118779904,1.0,1.0,1.0,11,0.7102992327181552,0.02,False,Qualitatively correct,Qualitatively correct but Out of given tolerance,"shape and tie-line orientation pass qualitative thresholds, but quantitative tolerance is exceeded"
220,298.15,[C4MIm][PF6],o-xylene,n-octane,9,0.029955801449425917,0.04039289303276746,0.08591733599999998,0.0938156,0.9290228784017001,0.26641531787474215,1.0,0.04192893272173667,0.04475594818940176,0.05834071744472432,0.093721656674735,3.9483944071829313,8.908578204097118,1.0,1.0,1.0,9,0.7687607430143659,0.02,False,Qualitatively correct,Qualitatively correct but Out of given tolerance,"shape and tie-line orientation pass qualitative thresholds, but quantitative tolerance is exceeded"
790,323.2,[C2MIm][NTf2],ethanol,water,6,0.03487998586111111,0.04056619109126246,0.07024369999999996,0.07727380000000006,0.7327581606482245,0.5169543880767195,1.0,0.04350477473137606,0.05099003030950658,0.05714142074663179,0.06192224179005386,1.4819858987391372,4.670861540425635,1.0,1.0,1.0,6,0.3968684673038321,0.02,False,Qualitatively correct,Qualitatively correct but Out of given tolerance,"shape and tie-line orientation pass qualitative thresholds, but quantitative tolerance is exceeded"
498,298.15,[C8MIm][NO3],thiophene,n-decane,9,0.025990643339074075,0.04193385691182943,0.12151160499999998,0.13943890000000003,0.8450850647201585,0.39359234657173087,1.0,0.03583342878867814,0.038268681688806344,0.13094950549922646,0.12397270668244888,1.0589780937405042,2.054492883424736,1.0,1.0,1.0,9,0.7992865568743165,0.02,False,Qualitatively correct,Qualitatively correct but Out of given tolerance,"shape and tie-line orientation pass qualitative thresholds, but quantitative tolerance is exceeded"
614,298.15,[C6MIm][CF3SO3],cyclohexane,n-heptane,10,0.023564596363616675,0.045233700370971665,0.12034420279999998,0.1426573,0.9303941650203079,0.2638291776504109,0.9999999999999999,0.005069700776330878,0.06495082820345069,0.008819482458795965,0.08264317557170668,3.07465651516886,7.990956296421442,1.0,1.0,1.0,10,0.8631698554806573,0.02,False,Qualitatively correct,Qualitatively correct but Out of given tolerance,"shape and tie-line orientation pass qualitative thresholds, but quantitative tolerance is exceeded"
344,303.15,[C4MPy][BF4],o-xylene,cyclohexane,17,0.03131401369000001,0.04592713696321906,0.11885716499999967,0.13642510000000008,0.9151451840096156,0.29129849980798805,0.9877450980392157,0.035267279685273156,0.055145508286450436,0.051229234105974054,0.07367494415069417,1.8508839414491878,7.869270660933742,1.0,1.0,1.0,17,0.743854367467181,0.02,False,Qualitatively correct,Qualitatively correct but Out of given tolerance,"shape and tie-line orientation pass qualitative thresholds, but quantitative tolerance is exceeded"
785,298.15,"[N8,8,8,1][NTf2]",butan-1-ol,water,30,0.02792131564702222,0.04606232375574529,0.10748298699999997,0.14117762,0.8612266660069984,0.37252293082842786,0.9977728257428535,0.06947346694579144,0.007911966149824196,0.07176475014989528,0.008892979124031574,5.502836171103195,10.514847570718674,1.0,1.0,1.0,30,0.6076833822320904,0.02,False,Qualitatively correct,Qualitatively correct but Out of given tolerance,"shape and tie-line orientation pass qualitative thresholds, but quantitative tolerance is exceeded"
826,298.15,[C2MIm][EtSO4],ethanol,tert-butylethyl ether,11,0.03763744236227272,0.046673975951689525,0.08823761000000005,0.10426881999999993,0.9351745330335186,0.25460845815974253,0.9954545454545455,0.06774425758133495,0.03516506108512825,0.08408110842396228,0.07345767294885139,3.8396673302096174,6.533806591190159,1.0,1.0,1.0,11,0.7097316394243671,0.02,False,Qualitatively correct,Qualitatively correct but Out of given tolerance,"shape and tie-line orientation pass qualitative thresholds, but quantitative tolerance is exceeded"
409,333.2,[C2MIm][SCN],ethylbenzene,styrene,10,0.033767393315,0.0467131401949171,0.09872708850000003,0.10733227999999997,0.9228474296394382,0.2777635151717406,0.9999999999999999,0.02714349877087242,0.07173641427725011,0.042478205155852156,0.05652316677256859,4.888615713478824,5.979227145264764,1.0,1.0,1.0,10,0.6984252758320894,0.02,False,Qualitatively correct,Qualitatively correct but Out of given tolerance,"shape and tie-line orientation pass qualitative thresholds, but quantitative tolerance is exceeded"
660,298.15,[C2MPy][NTf2],ethanol,n-hexane,6,0.03688929072722222,0.047849666078195706,0.09416138000000003,0.09850049999999999,0.8975283477159214,0.32011193711587604,1.0,0.05419928412030037,0.05041509987812145,0.08062383760328558,0.07605137833930685,2.3322256491698656,3.311914262489914,1.0,1.0,1.0,6,0.7628053752411512,0.02,False,Qualitatively correct,Qualitatively correct but Out of given tolerance,"shape and tie-line orientation pass qualitative thresholds, but quantitative tolerance is exceeded"
191,298.15,[C8MIm][NO3],benzene,n-hexane,10,0.03519351992716667,0.04907911037131754,0.11377034250000002,0.14691490000000007,0.8854098856349508,0.3385116162926306,0.9999999999999999,0.04290268779659592,0.057265855346207664,0.045363544750165845,0.14611791961481116,5.028311840228744,16.798770256221104,0.8,1.0,1.0,10,0.5038671160548177,0.02,False,Qualitatively correct,Qualitatively correct but Out of given tolerance,"shape and tie-line orientation pass qualitative thresholds, but quantitative tolerance is exceeded"
797,282.2,[C4MPyr][NTf2],2-propanol,water,7,0.036667250325,0.051419291712213815,0.11492048324999997,0.13869825999999996,0.7214727674845782,0.5277567929599977,0.9910312089651149,0.0753887780428414,0.02522260570212326,0.10959429884597591,0.03468094949137324,4.9977117685561865,7.497816312562421,1.0,1.0,1.0,7,0.4132396399185344,0.02,False,Qualitatively correct,Qualitatively correct but Out of given tolerance,"shape and tie-line orientation pass qualitative thresholds, but quantitative tolerance is exceeded"
85,313.2,[C4MPy][BF4],toluene,n-heptane,13,0.03683292260123077,0.05271510418943713,0.11862272549999994,0.12970609999999994,0.9351018424195512,0.2547511679668002,1.0,0.03660304751394135,0.07184251418106219,0.06403129387848094,0.1243528551005175,3.79745987857466,7.524935787433709,1.0,1.0,1.0,13,0.7724926666318587,0.02,False,Qualitatively correct,Qualitatively correct but Out of given tolerance,"shape and tie-line orientation pass qualitative thresholds, but quantitative tolerance is exceeded"
712,298.2,[C1MIm][DMP],methanol,n-heptane,9,0.030908673662370375,0.05296165555834006,0.1210878849999999,0.14596328000000003,0.8776642184956264,0.34976532347328776,1.0,0.08423376046504255,0.0028315996978413712,0.05416330747445531,0.014106252074599679,6.062133515499425,8.622729385154557,1.0,1.0,1.0,9,0.8827842318483039,0.02,False,Qualitatively correct,Qualitatively correct but Out of given tolerance,"shape and tie-line orientation pass qualitative thresholds, but quantitative tolerance is exceeded"
735,323.2,[C6MIm][NTf2],1-propanol,water,9,0.034428762499999994,0.05348709547189009,0.083614578,0.23036655999999994,0.7733792731255349,0.4760469796926192,0.9769916229907623,0.074724877210047,0.019530088035101967,0.21233014712606124,0.03947198651920749,1.9314052366759868,9.876135841294017,0.8888888888888888,1.0,1.0,9,0.35357177489160524,0.02,False,Qualitatively correct,Qualitatively correct but Out of given tolerance,"shape and tie-line orientation pass qualitative thresholds, but quantitative tolerance is exceeded"
364,298.15,[C2MIm][MeSO4],toluene,cyclohexane,8,0.03261910219154166,0.053497501253460436,0.11829994325,0.12532219,0.8138928034179034,0.43140143321748087,1.0,0.011575570607795335,0.0851263857672989,0.020105735324587436,0.12531464568140896,4.995542994320774,7.6528579710793005,1.0,1.0,1.0,8,0.7941353398998918,0.02,False,Qualitatively correct,Qualitatively correct but Out of given tolerance,"shape and tie-line orientation pass qualitative thresholds, but quantitative tolerance is exceeded"
458,308.15,[N-C3CNMPyr][SCN],thiophene,n-heptane,14,0.0362896362662381,0.0538406760263434,0.11440033500000005,0.12735930000000006,0.9439422412598044,0.2367651974851785,1.0,0.025218240219123954,0.08073306093732877,0.06271503475285535,0.08842356018964398,4.916393650218241,12.726059454384243,1.0,1.0,1.0,14,0.5366107683341551,0.02,False,Qualitatively correct,Qualitatively correct but Out of given tolerance,"shape and tie-line orientation pass qualitative thresholds, but quantitative tolerance is exceeded"
472,298.15,[C4MIm][CF3SO3],thiophene,n-heptane,12,0.038843320190833336,0.054133808621024924,0.10798231249999998,0.16284370000000004,0.9099109082866139,0.30014844946023983,1.0,0.0671703774565135,0.04480907024705403,0.08737238627141813,0.05723092914054432,2.0813058507015656,5.916447489478257,1.0,1.0,1.0,12,0.5511199512302798,0.02,False,Qualitatively correct,Qualitatively correct but Out of given tolerance,"shape and tie-line orientation pass qualitative thresholds, but quantitative tolerance is exceeded"
792,303.2,[C2MIm][NTf2],ethanol,water,8,0.040436793766666666,0.05545172771568295,0.10586399,0.11379030000000001,0.7903339825920023,0.45789301961047385,1.0,0.09406100927055036,0.016690566936895804,0.10054185129204742,0.029960467456747065,5.353273411649984,13.355537042343398,0.875,1.0,1.0,8,0.46564412886351486,0.02,False,Qualitatively correct,Qualitatively correct but Out of given tolerance,"shape and tie-line orientation pass qualitative thresholds, but quantitative tolerance is exceeded"
337,298.15,[C3MIm][NTf2],benzene,cyclooctane,12,0.043271284644027776,0.05601273476058697,0.09791258750000001,0.17071119999999995,0.920448084446096,0.28204949132005896,1.0,0.07234803849516307,0.04594869321017056,0.1480353313488199,0.04729971093534085,1.9602835891290553,3.7494482536295815,1.0,1.0,1.0,12,0.6482131623114264,0.02,False,Qualitatively correct,Qualitatively correct but Out of given tolerance,"shape and tie-line orientation pass qualitative thresholds, but quantitative tolerance is exceeded"
137,328.15,[C4MIm][SCN],toluene,n-heptane,7,0.034497925992619055,0.05764352229245148,0.13831172349999998,0.15043849999999992,0.9253978395092415,0.27313396070565543,1.0,0.021544848042516333,0.08047346594873553,0.037891593880614374,0.11408077439841782,4.363118328975176,10.987053534248265,1.0,1.0,1.0,7,0.7825515878707295,0.02,False,Qualitatively correct,Qualitatively correct but Out of given tolerance,"shape and tie-line orientation pass qualitative thresholds, but quantitative tolerance is exceeded"
37,313.2,[AMIM][NTf2],toluene,n-heptane,11,0.04292706411418182,0.05979944844658181,0.13454161000000003,0.1450433,0.904784980642226,0.3085693104600229,1.0,0.04358467024705301,0.08393830369437515,0.058533342129188114,0.09743433696189654,3.1482543071726496,13.929593414047833,0.9090909090909091,1.0,1.0,11,0.6845506847560668,0.02,False,Qualitatively correct,Qualitatively correct but Out of given tolerance,"shape and tie-line orientation pass qualitative thresholds, but quantitative tolerance is exceeded"
500,298.15,[C2MIm][CH3SO3],thiophene,n-hexadecane,10,0.041382505313899996,0.06128137416849686,0.128700744,0.1666433,0.693754671882344,0.5533943694307487,0.9999999999999999,0.03284706458151593,0.08933480203770441,0.0858918131535987,0.16636183794461878,8.841722326555844,18.294004037317052,0.8,1.0,1.0,10,0.7012754012651916,0.02,False,Qualitatively correct,Qualitatively correct but Out of given tolerance,"shape and tie-line orientation pass qualitative thresholds, but quantitative tolerance is exceeded"
323,298.15,[C4MIm][MeSO4],ethylbenzene,cyclohexene,11,0.03798339430566666,0.062433903828131763,0.13248817750000003,0.15340533999999995,0.876077254569207,0.3520266260253518,1.0,0.012444842216279534,0.10038927980179721,0.0418417594608758,0.11111698039932105,6.453836098618174,9.487483169339853,1.0,1.0,1.0,11,0.8066418040245621,0.02,False,Qualitatively correct,Qualitatively correct but Out of given tolerance,"shape and tie-line orientation pass qualitative thresholds, but quantitative tolerance is exceeded"
752,323.15,[C10MIm][NTf2],1-butanol,water,6,0.03194968746666666,0.0632876742471906,0.1545038975,0.23586755000000004,0.7254231054639564,0.5240008535642319,0.8285714285714287,0.08368354977551296,0.002142430002159804,0.21239827994612293,0.0033116466395665418,5.751920844087039,13.695761009696014,0.8333333333333334,1.0,1.0,6,0.5042742690575625,0.02,False,Qualitatively correct,Qualitatively correct but Out of given tolerance,"shape and tie-line orientation pass qualitative thresholds, but quantitative tolerance is exceeded"
526,298.15,[C8MIm][NTf2],thiophene,cyclohexane,9,0.04888481479999999,0.06403519146558143,0.12160636099999997,0.1378587,0.9235069832599615,0.27657370941584186,1.0,0.09691432602017291,0.03869004647471093,0.12235198418412312,0.07912541608187336,13.787137363615244,16.441872423613916,0.5555555555555556,1.0,1.0,9,0.2689553866350329,0.02,False,Qualitatively correct,Qualitatively correct but Out of given tolerance,"shape and tie-line orientation pass qualitative thresholds, but quantitative tolerance is exceeded"
407,298.15,[AMIm][N(CN)2],ethylbenzene,styrene,13,0.0540030142474359,0.06671452088775316,0.12561849600000002,0.13523569999999996,0.834697932148889,0.4065735700351303,1.0,0.09527215346705951,0.05259063840402353,0.09947452806017175,0.1158322770844115,4.141326318196483,5.610692486764832,1.0,1.0,1.0,13,0.612003267965131,0.02,False,Qualitatively correct,Qualitatively correct but Out of given tolerance,"shape and tie-line orientation pass qualitative thresholds, but quantitative tolerance is exceeded"
518,298.15,[C4MIm][SCN],Thiophene,n-Hexane,9,0.043368691210148136,0.06678049584101957,0.16746045999999995,0.17143256,0.6086823838367221,0.6255538475329506,1.0,0.04424298903891593,0.0848719723714902,0.06094615319970221,0.17130302725580074,1.587843095175752,7.292519906942878,1.0,1.0,1.0,9,0.8390107269874444,0.02,False,Qualitatively correct,Qualitatively correct but Out of given tolerance,"shape and tie-line orientation pass qualitative thresholds, but quantitative tolerance is exceeded"
449,298.15,[C4MIm][SCN],thiophene,n-hexane,9,0.04375122909762963,0.06726821825480388,0.16854896,0.17167146,0.6025352702595774,0.6304480388901392,1.0,0.044898569311890395,0.08534970684191585,0.062206077814664855,0.1715422463256174,1.5622615582073047,7.300143158268532,1.0,1.0,1.0,9,0.8390107269874444,0.02,False,Qualitatively correct,Qualitatively correct but Out of given tolerance,"shape and tie-line orientation pass qualitative thresholds, but quantitative tolerance is exceeded"
818,298.15,[C4MIm][BF4],methanol,tert-butylmethyl ether,7,0.054948455478571426,0.06835133407719837,0.13714604474999992,0.16701089999999996,0.729178178446753,0.520405439588449,1.0,0.09023088410446087,0.06023624861560908,0.154580859634563,0.10531333507410927,4.056101436104035,17.424223817790192,0.8571428571428571,1.0,1.0,7,0.3695984307325992,0.02,False,Qualitatively correct,Qualitatively correct but Out of given tolerance,"shape and tie-line orientation pass qualitative thresholds, but quantitative tolerance is exceeded"
743,323.2,[C4MPyr][NTf2],2-propanol,water,8,0.058477267225,0.07064228399974824,0.124524535,0.14019167,0.6308045530732236,0.6076145545712153,0.9940297973880048,0.09866395541521103,0.06254732421180101,0.12736591799763886,0.10216303888870422,0.9408197173057016,6.808385962294436,1.0,1.0,1.0,8,0.462823352331481,0.02,False,Qualitatively correct,Qualitatively correct but Out of given tolerance,"shape and tie-line orientation pass qualitative thresholds, but quantitative tolerance is exceeded"
164,313.2,[C4MIm][C(CN)3],toluene,n-heptane,11,0.05427724732860606,0.07367078599978887,0.14582276249999998,0.16387722,0.8588367417020719,0.37571699229330596,1.0,0.0665933606095933,0.09398608588715951,0.08839154364262447,0.11366522223081617,2.848999687190833,13.77138424947495,1.0,1.0,1.0,11,0.7165921085247868,0.02,False,Qualitatively correct,Qualitatively correct but Out of given tolerance,"shape and tie-line orientation pass qualitative thresholds, but quantitative tolerance is exceeded"
668,298.15,[(C8H17OCH2)2Im][BF4],ethanol,n-hexane,6,0.06153190340333333,0.07397466335638672,0.12273465999999997,0.14470203999999998,0.11671934177462173,0.9398301220036408,1.0,0.08285154184348471,0.08981499222366757,0.08632308857167266,0.10619522373084579,7.755856039109931,10.376824098079029,1.0,1.0,1.0,6,0.7890176571339402,0.02,False,Qualitatively correct,Qualitatively correct but Out of given tolerance,"shape and tie-line orientation pass qualitative thresholds, but quantitative tolerance is exceeded"
849,303.15,[C2MIm][EtSO4],water,di-iso-propyl ether,10,0.046132582349614,0.07692133267106792,0.17012548549999998,0.18544245999999998,0.6585395620551104,0.5843461627707411,0.9999999999999999,0.12514966985617718,0.009444527953294816,0.13313494554470054,0.006309980609750254,8.608874769966052,10.852829569074878,1.0,1.0,1.0,10,0.874187711319665,0.02,False,Qualitatively correct,Qualitatively correct but Out of given tolerance,"shape and tie-line orientation pass qualitative thresholds, but quantitative tolerance is exceeded"
28,313.2,[OH-C2MIm][NTf2],benzene,n-heptane,9,0.052402883945185184,0.0770039658021545,0.1556986565,0.21865912999999998,0.7956788426240926,0.4520189789996736,1.0,0.043439686243696214,0.10823519890343967,0.06271713050015537,0.06552264275793213,7.873647400685165,13.059981686658618,0.8888888888888888,1.0,1.0,9,0.49092227490713847,0.02,False,Qualitatively correct,Qualitatively correct but Out of given tolerance,"shape and tie-line orientation pass qualitative thresholds, but quantitative tolerance is exceeded"
423,298.15,[C8MIm][NTf2],thiophene,n-dodecane,13,0.05533892547179487,0.07948169645090784,0.15522249599999993,0.26581325,0.8680291257617825,0.3632779572699362,1.0,0.11828357519559408,0.03816973761096213,0.26120553089512655,0.06155303831321076,5.5653460394442025,15.328265179463353,0.8461538461538461,1.0,1.0,13,0.42768797037092354,0.02,False,Qualitatively correct,Qualitatively correct but Out of given tolerance,"shape and tie-line orientation pass qualitative thresholds, but quantitative tolerance is exceeded"
828,298.15,[C2MIm][EtSO4],ethanol,tert-amylethyl ether,12,0.06760952196972221,0.08338897393533061,0.153651547,0.19135007999999998,0.7413350859537302,0.5085911069280211,1.0,0.11546646022525198,0.07070011277572469,0.10038619146208294,0.09809640674627994,3.9858875957575934,6.621641060809166,1.0,1.0,1.0,12,0.8128868812629084,0.02,False,Qualitatively correct,Qualitatively correct but Out of given tolerance,"shape and tie-line orientation pass qualitative thresholds, but quantitative tolerance is exceeded"
525,298.15,[C2MIm][DEP],thiophene,toluene,8,0.06798652948333334,0.08604727841211952,0.15318201650000002,0.20172786999999992,0.816117837298426,0.42881483498308925,1.0,0.13546785924630206,0.053742515262978394,0.1831685594379092,0.10355209601648775,3.7338112119160853,4.309945086825801,1.0,1.0,1.0,8,0.320165008419508,0.02,False,Qualitatively correct,Qualitatively correct but Out of given tolerance,"shape and tie-line orientation pass qualitative thresholds, but quantitative tolerance is exceeded"
301,298.15,[C2MPy][EtSO4],ethylbenzene,n-hexane,7,0.05334466564688095,0.08606614891356634,0.199197585,0.21545464000000003,0.4463496655620468,0.7440768336925652,1.0,0.03401086686408825,0.12393523768203225,0.04435065025605627,0.21538600284036005,7.500047496249878,13.309429711443823,1.0,1.0,1.0,7,0.8626082501973303,0.02,False,Qualitatively correct,Qualitatively correct but Out of given tolerance,"shape and tie-line orientation pass qualitative thresholds, but quantitative tolerance is exceeded"
610,298.15,[C6MIm][NTf2],cyclohexane,n-heptane,9,0.058818858514092597,0.08861575166533789,0.22612112550000002,0.23149721,0.6227658452717441,0.6141939064564674,1.0,0.05102709181173244,0.12148459358101306,0.059249858187713215,0.1655704107130414,9.159184963091825,14.595169265293995,0.8888888888888888,1.0,1.0,9,0.8465476950532675,0.02,False,Qualitatively correct,Qualitatively correct but Out of given tolerance,"shape and tie-line orientation pass qualitative thresholds, but quantitative tolerance is exceeded"
254,348.2,[C4MIm][MeSO4],toluene,n-heptane,11,0.05434813069954546,0.09498277237402536,0.23100309500000005,0.27121434,0.7659847082749209,0.48375127051520905,1.0,0.026841633144994683,0.1346182144630143,0.04370856638370342,0.08568552499561685,9.66654074155637,17.404071862288745,0.7272727272727273,1.0,1.0,11,0.8136301231863285,0.02,False,Qualitatively correct,Qualitatively correct but Out of given tolerance,"shape and tie-line orientation pass qualitative thresholds, but quantitative tolerance is exceeded"
542,298.15,[C2MIm][SCN],pyridine,n-heptane,7,0.06461509432211905,0.09805226207348122,0.21014124999999995,0.2507207,0.5720557288247183,0.6541744959682252,0.9821428571428572,0.057423873708314775,0.13248943007477054,0.13678992251254798,0.14667765450988945,12.023582470955125,18.132249708857525,0.7142857142857143,1.0,1.0,7,0.7671546975675765,0.02,False,Qualitatively correct,Qualitatively correct but Out of given tolerance,"shape and tie-line orientation pass qualitative thresholds, but quantitative tolerance is exceeded"
748,278.15,[C10MIm][NTf2],2-propanol,water,8,0.06749397530625001,0.09885624162805125,0.18780735300000004,0.21348226,0.43252068085533735,0.7533122321751207,0.9166666666666667,0.16973725323625052,0.014318539021527434,0.1744188112959437,0.031058531450500037,1.256607421810018,2.6862610951775765,1.0,1.0,1.0,8,0.5992481480880357,0.02,False,Qualitatively correct,Qualitatively correct but Out of given tolerance,"shape and tie-line orientation pass qualitative thresholds, but quantitative tolerance is exceeded"
26,298.15,[C2MPy][NTf2],toluene,n-heptane,10,0.06823156866000003,0.09942682329666398,0.1986230015,0.347387,0.7734004664907353,0.47602471943089747,0.9999999999999999,0.07689167560279707,0.11910468735987134,0.15009865424653168,0.34693964860101184,4.591852619277572,23.126285358527134,0.8,0.9,0.9,10,0.6060096771008856,0.02,False,Qualitatively correct,Qualitatively correct but Out of given tolerance,"shape and tie-line orientation pass qualitative thresholds, but quantitative tolerance is exceeded"
847,298.15,[C2MIm][EtSO4],water,tert-butylethyl ether,11,0.049820491766622725,0.09950944535056035,0.25555838999999997,0.3211417,0.7213747018447975,0.5278496927679343,0.9545454545454546,0.13734784486294024,0.008142434421678559,0.3106670699034676,0.01597898320521048,8.487589390438002,17.532616010223883,0.7272727272727273,1.0,1.0,11,0.9037870324362924,0.02,False,Qualitatively correct,Qualitatively correct but Out of given tolerance,"shape and tie-line orientation pass qualitative thresholds, but quantitative tolerance is exceeded"
550,298.15,[C2MIm][OAc],pyridine,n-pentane,8,0.08989105157720834,0.12063030292638208,0.21708430755000002,0.30188424999999997,0.24959985348108105,0.8662563976784927,1.0,0.17608991401474247,0.07581788161628977,0.27002315971765806,0.17785764026917703,2.994770812808976,8.95245891922626,1.0,1.0,1.0,8,0.48905824217642746,0.02,False,Qualitatively correct,Qualitatively correct but Out of given tolerance,"shape and tie-line orientation pass qualitative thresholds, but quantitative tolerance is exceeded"
860,293.15,[C4MMIm][NTf2],acetic acid,water,9,0.07702856140185187,0.09087533375824444,0.15810788749999996,0.18842403999999996,-0.026063178640306717,1.0129477669852018,0.9916666666666667,0.11969593422100162,0.09023979095025823,0.11027495415246727,0.06830876931572112,0.9568560688624357,5.611935547846104,1.0,1.0,1.0,9,0.6280465269388885,0.02,False,Failure,Expired,failed: normalized boundary error
662,298.15,[C4MIm][BF4],1-propanol,n-heptane,8,0.07762592270895834,0.09943837330105712,0.17163831100000007,0.25441335,-0.46399161607184247,1.209955212423932,1.0,0.12857111583058328,0.0862455151356026,0.0949059842323333,0.1666970442995041,5.501668949066697,11.801712634417786,1.0,1.0,1.0,8,0.815678594175719,0.02,False,Failure,Expired,failed: normalized boundary error
