seed,stage,best_epoch,validation_rmse,test_mae,test_rmse,test_r2,test_mu_residual_mae,test_tpd_violation_rate,checkpoint_sha256,run_directory
42,supervised,100,0.09704151873917392,0.05087096297352483,0.09238369761805154,0.9272393126101452,1.4137507677078247,0.20672478206724781,464445230fa3dbc30bd4f546e3058ec7c254e07e7fa96ac2be3c61f99c00453e,results\main_benchmark\corrected_v2\seed42\stage1_supervised
42,physics,1,0.09709617404543605,0.05092813061788872,0.09218614794653804,0.9275501570994883,1.4072479009628296,0.20174346201743462,448289f784891dc44a850e28742b07fb6653868d026a1ab721cb2fbe1da74fe0,results\main_benchmark\corrected_v2\seed42\stage2_physics
42,expanded,29,0.1772180464016693,0.10942389991717733,0.18021188521095227,0.7379158794045237,,,9d43ff6eb7be4ac62c27886930929c815f24aa5170f1822ce2fabf6e4665b857,results\transfer_evaluation\expanded_lle\corrected_v2\seed42
43,supervised,105,0.09648456111143412,0.05098966423753071,0.09151639518629251,0.9285990612227626,1.4745537042617798,0.20423412204234123,c19e07b05743608624bc9477d2c07e316cc67409ba1e6d9c57f964e299216820,results\main_benchmark\corrected_v2\seed43\stage1_supervised
43,physics,1,0.09659378200572133,0.051141378335635354,0.09164035975607028,0.9284054963128512,1.4720467329025269,0.18679950186799502,85f29c3340f692cff8563f4210f74e79ec4664c798da21b710aeecdb0fd19ac8,results\main_benchmark\corrected_v2\seed43\stage2_physics
43,expanded,35,0.16686211541875234,0.11163670692088354,0.1845669408327887,0.7250956092788226,,,9275a0c5a663c77607d79ec8b335a9cec9e17bd418ef5478d8bb61ee04b297c6,results\transfer_evaluation\expanded_lle\corrected_v2\seed43
44,supervised,100,0.09868468794517637,0.05247596625889314,0.09418655732663744,0.9243717662375395,1.4638491868972778,0.21793275217932753,36a351ae60ed66b3bfbd2c49c951b5e400b886c021b55c43847d53ab2adfdc85,results\main_benchmark\corrected_v2\seed44\stage1_supervised
44,physics,30,0.09842994714463389,0.05321983020776056,0.09409723116369742,0.92451514925611,1.2287272214889526,0.23038605230386053,5ce81821dd53bc8dcb808b35d1b3e4d63e63b3765ceabc8a9362181f1451a292,results\main_benchmark\corrected_v2\seed44\stage2_physics
44,expanded,38,0.1686920137211682,0.102539312123644,0.17314527235057284,0.758066992513023,,,96d6cbddc0403fc832210d62cebc0f7dfd036b4bc199cb252c774ef205256a77,results\transfer_evaluation\expanded_lle\corrected_v2\seed44
