LLE system NO.,Model,Component 1,Component 1 SMILES,Component 2,Component 2 SMILES,Component 3,Component 3 SMILES,T/K,P/kPa,Ex1,Ex2,Ex3,Rx1,Rx2,Rx3
2,Experiment,n-Heptane,CCCCCCC,Toluene,Cc1ccccc1,Sulfolane,O=S1(=O)CCCC1,348.15,101.325,0.0121,0.0104,0.9775,0.9603,0.033,0.0067
2,Experiment,n-Heptane,CCCCCCC,Toluene,Cc1ccccc1,Sulfolane,O=S1(=O)CCCC1,348.15,101.325,0.0155,0.0317,0.9529,0.8942,0.0967,0.0091
2,Experiment,n-Heptane,CCCCCCC,Toluene,Cc1ccccc1,Sulfolane,O=S1(=O)CCCC1,348.15,101.325,0.0153,0.0376,0.9471,0.8731,0.1178,0.0091
2,Experiment,n-Heptane,CCCCCCC,Toluene,Cc1ccccc1,Sulfolane,O=S1(=O)CCCC1,348.15,101.325,0.016,0.0614,0.9226,0.7967,0.1878,0.0155
2,Experiment,n-Heptane,CCCCCCC,Toluene,Cc1ccccc1,Sulfolane,O=S1(=O)CCCC1,348.15,101.325,0.0172,0.0675,0.9153,0.7953,0.1922,0.0125
2,Experiment,n-Heptane,CCCCCCC,Toluene,Cc1ccccc1,Sulfolane,O=S1(=O)CCCC1,348.15,101.325,0.018,0.0855,0.8965,0.7335,0.2506,0.0159
2,Experiment,n-Heptane,CCCCCCC,Toluene,Cc1ccccc1,Sulfolane,O=S1(=O)CCCC1,348.15,101.325,0.0207,0.1081,0.8712,0.6805,0.3005,0.0189
2,Experiment,n-Heptane,CCCCCCC,Toluene,Cc1ccccc1,Sulfolane,O=S1(=O)CCCC1,348.15,101.325,0.0214,0.159,0.8196,0.5661,0.4073,0.0266
2,Experiment,n-Heptane,CCCCCCC,Toluene,Cc1ccccc1,Sulfolane,O=S1(=O)CCCC1,348.15,101.325,0.0272,0.2305,0.7424,0.4524,0.5032,0.0444
2,Experiment,n-Heptane,CCCCCCC,Toluene,Cc1ccccc1,Sulfolane,O=S1(=O)CCCC1,348.15,101.325,0.0375,0.3119,0.6506,0.3456,0.5933,0.0612
2,Experiment,n-Heptane,CCCCCCC,Toluene,Cc1ccccc1,Sulfolane,O=S1(=O)CCCC1,348.15,101.325,0.0443,0.3529,0.6028,0.2924,0.6274,0.0802
2,PSMI,n-Heptane,CCCCCCC,Toluene,Cc1ccccc1,Sulfolane,O=S1(=O)CCCC1,348.15,101.325,0.027833035,0.025793705,0.9463732,0.94864404,0.021053161,0.030302757
2,PSMI,n-Heptane,CCCCCCC,Toluene,Cc1ccccc1,Sulfolane,O=S1(=O)CCCC1,348.15,101.325,0.023962285,0.027774798,0.94826293,0.9015361,0.06098666,0.037477273
2,PSMI,n-Heptane,CCCCCCC,Toluene,Cc1ccccc1,Sulfolane,O=S1(=O)CCCC1,348.15,101.325,0.018064458,0.059248403,0.9226871,0.87897086,0.10056012,0.020468917
2,PSMI,n-Heptane,CCCCCCC,Toluene,Cc1ccccc1,Sulfolane,O=S1(=O)CCCC1,348.15,101.325,0.036140174,0.06478119,0.89907867,0.8130953,0.13878733,0.048117477
2,PSMI,n-Heptane,CCCCCCC,Toluene,Cc1ccccc1,Sulfolane,O=S1(=O)CCCC1,348.15,101.325,0.06257989,0.113366865,0.8240532,0.7483349,0.15916634,0.092498764
2,PSMI,n-Heptane,CCCCCCC,Toluene,Cc1ccccc1,Sulfolane,O=S1(=O)CCCC1,348.15,101.325,0.043158326,0.122649446,0.83419216,0.73928297,0.20747209,0.053244974
2,PSMI,n-Heptane,CCCCCCC,Toluene,Cc1ccccc1,Sulfolane,O=S1(=O)CCCC1,348.15,101.325,0.07646556,0.18835664,0.7351778,0.49556974,0.41038218,0.09404807
2,PSMI,n-Heptane,CCCCCCC,Toluene,Cc1ccccc1,Sulfolane,O=S1(=O)CCCC1,348.15,101.325,0.044479914,0.19177097,0.7637491,0.52706385,0.42165166,0.0512845
2,PSMI,n-Heptane,CCCCCCC,Toluene,Cc1ccccc1,Sulfolane,O=S1(=O)CCCC1,348.15,101.325,0.05737048,0.29504472,0.64758486,0.33285013,0.5946354,0.072514474
2,PSMI,n-Heptane,CCCCCCC,Toluene,Cc1ccccc1,Sulfolane,O=S1(=O)CCCC1,348.15,101.325,0.058405425,0.30438283,0.63721174,0.27218878,0.6081544,0.11965681
2,PSMI,n-Heptane,CCCCCCC,Toluene,Cc1ccccc1,Sulfolane,O=S1(=O)CCCC1,348.15,101.325,0.05907859,0.33943653,0.6014849,0.2733076,0.6392527,0.08743968
2,NRTL,n-Heptane,CCCCCCC,Toluene,Cc1ccccc1,Sulfolane,O=S1(=O)CCCC1,348.15,101.325,0.0115,0.001,0.9875,0.992,0.001,0.007
2,NRTL,n-Heptane,CCCCCCC,Toluene,Cc1ccccc1,Sulfolane,O=S1(=O)CCCC1,348.15,101.325,0.0121,0.01,0.9779,0.9828,0.0097,0.0075
2,NRTL,n-Heptane,CCCCCCC,Toluene,Cc1ccccc1,Sulfolane,O=S1(=O)CCCC1,348.15,101.325,0.0129,0.0189,0.9682,0.9735,0.0185,0.008
2,NRTL,n-Heptane,CCCCCCC,Toluene,Cc1ccccc1,Sulfolane,O=S1(=O)CCCC1,348.15,101.325,0.0136,0.0279,0.9585,0.9642,0.0272,0.0086
2,NRTL,n-Heptane,CCCCCCC,Toluene,Cc1ccccc1,Sulfolane,O=S1(=O)CCCC1,348.15,101.325,0.0144,0.0368,0.9488,0.9549,0.036,0.0091
2,NRTL,n-Heptane,CCCCCCC,Toluene,Cc1ccccc1,Sulfolane,O=S1(=O)CCCC1,348.15,101.325,0.0152,0.0458,0.939,0.9455,0.0447,0.0098
2,NRTL,n-Heptane,CCCCCCC,Toluene,Cc1ccccc1,Sulfolane,O=S1(=O)CCCC1,348.15,101.325,0.0161,0.0547,0.9292,0.9361,0.0535,0.0104
2,NRTL,n-Heptane,CCCCCCC,Toluene,Cc1ccccc1,Sulfolane,O=S1(=O)CCCC1,348.15,101.325,0.017,0.0637,0.9194,0.9267,0.0622,0.0111
2,NRTL,n-Heptane,CCCCCCC,Toluene,Cc1ccccc1,Sulfolane,O=S1(=O)CCCC1,348.15,101.325,0.0179,0.0726,0.9095,0.9172,0.071,0.0118
2,NRTL,n-Heptane,CCCCCCC,Toluene,Cc1ccccc1,Sulfolane,O=S1(=O)CCCC1,348.15,101.325,0.0189,0.0815,0.8995,0.9077,0.0797,0.0126
2,NRTL,n-Heptane,CCCCCCC,Toluene,Cc1ccccc1,Sulfolane,O=S1(=O)CCCC1,348.15,101.325,0.0199,0.0905,0.8896,0.8982,0.0884,0.0134
2,NRTL,n-Heptane,CCCCCCC,Toluene,Cc1ccccc1,Sulfolane,O=S1(=O)CCCC1,348.15,101.325,0.021,0.0994,0.8795,0.8886,0.0972,0.0142
2,NRTL,n-Heptane,CCCCCCC,Toluene,Cc1ccccc1,Sulfolane,O=S1(=O)CCCC1,348.15,101.325,0.0222,0.1084,0.8694,0.879,0.1059,0.0151
2,NRTL,n-Heptane,CCCCCCC,Toluene,Cc1ccccc1,Sulfolane,O=S1(=O)CCCC1,348.15,101.325,0.0234,0.1173,0.8593,0.8693,0.1147,0.016
2,NRTL,n-Heptane,CCCCCCC,Toluene,Cc1ccccc1,Sulfolane,O=S1(=O)CCCC1,348.15,101.325,0.0246,0.1263,0.8491,0.8596,0.1234,0.017
2,NRTL,n-Heptane,CCCCCCC,Toluene,Cc1ccccc1,Sulfolane,O=S1(=O)CCCC1,348.15,101.325,0.0259,0.1352,0.8389,0.8498,0.1322,0.018
2,NRTL,n-Heptane,CCCCCCC,Toluene,Cc1ccccc1,Sulfolane,O=S1(=O)CCCC1,348.15,101.325,0.0273,0.1442,0.8286,0.8399,0.1409,0.0191
2,NRTL,n-Heptane,CCCCCCC,Toluene,Cc1ccccc1,Sulfolane,O=S1(=O)CCCC1,348.15,101.325,0.0287,0.1531,0.8182,0.83,0.1497,0.0203
2,NRTL,n-Heptane,CCCCCCC,Toluene,Cc1ccccc1,Sulfolane,O=S1(=O)CCCC1,348.15,101.325,0.0302,0.162,0.8077,0.8201,0.1585,0.0215
2,NRTL,n-Heptane,CCCCCCC,Toluene,Cc1ccccc1,Sulfolane,O=S1(=O)CCCC1,348.15,101.325,0.0318,0.171,0.7972,0.81,0.1672,0.0228
2,NRTL,n-Heptane,CCCCCCC,Toluene,Cc1ccccc1,Sulfolane,O=S1(=O)CCCC1,348.15,101.325,0.0334,0.1799,0.7867,0.7999,0.176,0.0241
2,NRTL,n-Heptane,CCCCCCC,Toluene,Cc1ccccc1,Sulfolane,O=S1(=O)CCCC1,348.15,101.325,0.0352,0.1888,0.776,0.7898,0.1847,0.0255
2,NRTL,n-Heptane,CCCCCCC,Toluene,Cc1ccccc1,Sulfolane,O=S1(=O)CCCC1,348.15,101.325,0.037,0.1978,0.7652,0.7795,0.1935,0.027
2,NRTL,n-Heptane,CCCCCCC,Toluene,Cc1ccccc1,Sulfolane,O=S1(=O)CCCC1,348.15,101.325,0.0389,0.2067,0.7544,0.7692,0.2022,0.0286
2,NRTL,n-Heptane,CCCCCCC,Toluene,Cc1ccccc1,Sulfolane,O=S1(=O)CCCC1,348.15,101.325,0.0409,0.2156,0.7435,0.7588,0.211,0.0302
2,NRTL,n-Heptane,CCCCCCC,Toluene,Cc1ccccc1,Sulfolane,O=S1(=O)CCCC1,348.15,101.325,0.043,0.2245,0.7325,0.7483,0.2198,0.032
2,NRTL,n-Heptane,CCCCCCC,Toluene,Cc1ccccc1,Sulfolane,O=S1(=O)CCCC1,348.15,101.325,0.0452,0.2335,0.7214,0.7376,0.2285,0.0338
2,NRTL,n-Heptane,CCCCCCC,Toluene,Cc1ccccc1,Sulfolane,O=S1(=O)CCCC1,348.15,101.325,0.0475,0.2424,0.7101,0.7269,0.2373,0.0357
2,NRTL,n-Heptane,CCCCCCC,Toluene,Cc1ccccc1,Sulfolane,O=S1(=O)CCCC1,348.15,101.325,0.0499,0.2513,0.6988,0.7161,0.2461,0.0378
2,NRTL,n-Heptane,CCCCCCC,Toluene,Cc1ccccc1,Sulfolane,O=S1(=O)CCCC1,348.15,101.325,0.0525,0.2602,0.6873,0.7052,0.2549,0.04
2,NRTL,n-Heptane,CCCCCCC,Toluene,Cc1ccccc1,Sulfolane,O=S1(=O)CCCC1,348.15,101.325,0.0551,0.2691,0.6758,0.6941,0.2637,0.0422
2,NRTL,n-Heptane,CCCCCCC,Toluene,Cc1ccccc1,Sulfolane,O=S1(=O)CCCC1,348.15,101.325,0.058,0.278,0.664,0.6829,0.2724,0.0447
2,NRTL,n-Heptane,CCCCCCC,Toluene,Cc1ccccc1,Sulfolane,O=S1(=O)CCCC1,348.15,101.325,0.061,0.2869,0.6522,0.6715,0.2812,0.0472
2,NRTL,n-Heptane,CCCCCCC,Toluene,Cc1ccccc1,Sulfolane,O=S1(=O)CCCC1,348.15,101.325,0.0641,0.2958,0.6401,0.66,0.29,0.0499
2,NRTL,n-Heptane,CCCCCCC,Toluene,Cc1ccccc1,Sulfolane,O=S1(=O)CCCC1,348.15,101.325,0.0674,0.3047,0.6279,0.6484,0.2988,0.0528
2,NRTL,n-Heptane,CCCCCCC,Toluene,Cc1ccccc1,Sulfolane,O=S1(=O)CCCC1,348.15,101.325,0.0709,0.3135,0.6155,0.6365,0.3076,0.0559
2,NRTL,n-Heptane,CCCCCCC,Toluene,Cc1ccccc1,Sulfolane,O=S1(=O)CCCC1,348.15,101.325,0.0746,0.3224,0.6029,0.6244,0.3165,0.0591
2,NRTL,n-Heptane,CCCCCCC,Toluene,Cc1ccccc1,Sulfolane,O=S1(=O)CCCC1,348.15,101.325,0.0786,0.3313,0.5901,0.6121,0.3253,0.0626
2,NRTL,n-Heptane,CCCCCCC,Toluene,Cc1ccccc1,Sulfolane,O=S1(=O)CCCC1,348.15,101.325,0.0828,0.3401,0.5771,0.5996,0.3341,0.0663
2,NRTL,n-Heptane,CCCCCCC,Toluene,Cc1ccccc1,Sulfolane,O=S1(=O)CCCC1,348.15,101.325,0.0873,0.349,0.5637,0.5868,0.3429,0.0703
2,NRTL,n-Heptane,CCCCCCC,Toluene,Cc1ccccc1,Sulfolane,O=S1(=O)CCCC1,348.15,101.325,0.0921,0.3578,0.5501,0.5737,0.3518,0.0745
2,NRTL,n-Heptane,CCCCCCC,Toluene,Cc1ccccc1,Sulfolane,O=S1(=O)CCCC1,348.15,101.325,0.0972,0.3666,0.5361,0.5603,0.3606,0.0791
2,NRTL,n-Heptane,CCCCCCC,Toluene,Cc1ccccc1,Sulfolane,O=S1(=O)CCCC1,348.15,101.325,0.1027,0.3755,0.5218,0.5465,0.3695,0.084
2,NRTL,n-Heptane,CCCCCCC,Toluene,Cc1ccccc1,Sulfolane,O=S1(=O)CCCC1,348.15,101.325,0.1087,0.3843,0.5071,0.5322,0.3784,0.0894
2,NRTL,n-Heptane,CCCCCCC,Toluene,Cc1ccccc1,Sulfolane,O=S1(=O)CCCC1,348.15,101.325,0.1151,0.393,0.4918,0.5175,0.3873,0.0952
2,NRTL,n-Heptane,CCCCCCC,Toluene,Cc1ccccc1,Sulfolane,O=S1(=O)CCCC1,348.15,101.325,0.1222,0.4018,0.476,0.5022,0.3962,0.1017
2,NRTL,n-Heptane,CCCCCCC,Toluene,Cc1ccccc1,Sulfolane,O=S1(=O)CCCC1,348.15,101.325,0.1299,0.4106,0.4595,0.4862,0.4051,0.1087
2,NRTL,n-Heptane,CCCCCCC,Toluene,Cc1ccccc1,Sulfolane,O=S1(=O)CCCC1,348.15,101.325,0.1385,0.4193,0.4422,0.4693,0.414,0.1167
2,NRTL,n-Heptane,CCCCCCC,Toluene,Cc1ccccc1,Sulfolane,O=S1(=O)CCCC1,348.15,101.325,0.1482,0.428,0.4238,0.4514,0.423,0.1256
2,NRTL,n-Heptane,CCCCCCC,Toluene,Cc1ccccc1,Sulfolane,O=S1(=O)CCCC1,348.15,101.325,0.1593,0.4366,0.404,0.4321,0.432,0.1359
2,NRTL,n-Heptane,CCCCCCC,Toluene,Cc1ccccc1,Sulfolane,O=S1(=O)CCCC1,348.15,101.325,0.1723,0.4453,0.3824,0.4109,0.4411,0.1481
2,NRTL,n-Heptane,CCCCCCC,Toluene,Cc1ccccc1,Sulfolane,O=S1(=O)CCCC1,348.15,101.325,0.1882,0.4538,0.358,0.3867,0.4502,0.1631
2,NRTL,n-Heptane,CCCCCCC,Toluene,Cc1ccccc1,Sulfolane,O=S1(=O)CCCC1,348.15,101.325,0.2094,0.4622,0.3284,0.3573,0.4595,0.1832
2,NRTL,n-Heptane,CCCCCCC,Toluene,Cc1ccccc1,Sulfolane,O=S1(=O)CCCC1,348.15,101.325,0.2462,0.4703,0.2835,0.3124,0.4691,0.2186
2,NRTL,n-Heptane,CCCCCCC,Toluene,Cc1ccccc1,Sulfolane,O=S1(=O)CCCC1,348.15,101.325,0.2606,0.4788,0.2606,0.2606,0.4788,0.2606
2,NRTL,n-Heptane,CCCCCCC,Toluene,Cc1ccccc1,Sulfolane,O=S1(=O)CCCC1,348.15,101.325,0.2562,0.4876,0.2562,0.2562,0.4876,0.2562
2,NRTL,n-Heptane,CCCCCCC,Toluene,Cc1ccccc1,Sulfolane,O=S1(=O)CCCC1,348.15,101.325,0.2518,0.4965,0.2518,0.2518,0.4965,0.2518
2,NRTL,n-Heptane,CCCCCCC,Toluene,Cc1ccccc1,Sulfolane,O=S1(=O)CCCC1,348.15,101.325,0.2473,0.5053,0.2473,0.2473,0.5053,0.2473
2,NRTL,n-Heptane,CCCCCCC,Toluene,Cc1ccccc1,Sulfolane,O=S1(=O)CCCC1,348.15,101.325,0.2429,0.5142,0.2429,0.2429,0.5142,0.2429
2,NRTL,n-Heptane,CCCCCCC,Toluene,Cc1ccccc1,Sulfolane,O=S1(=O)CCCC1,348.15,101.325,0.2385,0.523,0.2385,0.2385,0.523,0.2385
2,NRTL,n-Heptane,CCCCCCC,Toluene,Cc1ccccc1,Sulfolane,O=S1(=O)CCCC1,348.15,101.325,0.2341,0.5319,0.2341,0.2341,0.5319,0.2341
2,NRTL,n-Heptane,CCCCCCC,Toluene,Cc1ccccc1,Sulfolane,O=S1(=O)CCCC1,348.15,101.325,0.2296,0.5407,0.2296,0.2296,0.5407,0.2296
2,NRTL,n-Heptane,CCCCCCC,Toluene,Cc1ccccc1,Sulfolane,O=S1(=O)CCCC1,348.15,101.325,0.2252,0.5496,0.2252,0.2252,0.5496,0.2252
2,NRTL,n-Heptane,CCCCCCC,Toluene,Cc1ccccc1,Sulfolane,O=S1(=O)CCCC1,348.15,101.325,0.2208,0.5584,0.2208,0.2208,0.5584,0.2208
2,NRTL,n-Heptane,CCCCCCC,Toluene,Cc1ccccc1,Sulfolane,O=S1(=O)CCCC1,348.15,101.325,0.2164,0.5673,0.2164,0.2164,0.5673,0.2164
2,NRTL,n-Heptane,CCCCCCC,Toluene,Cc1ccccc1,Sulfolane,O=S1(=O)CCCC1,348.15,101.325,0.2119,0.5761,0.2119,0.2119,0.5761,0.2119
2,NRTL,n-Heptane,CCCCCCC,Toluene,Cc1ccccc1,Sulfolane,O=S1(=O)CCCC1,348.15,101.325,0.2075,0.585,0.2075,0.2075,0.585,0.2075
2,NRTL,n-Heptane,CCCCCCC,Toluene,Cc1ccccc1,Sulfolane,O=S1(=O)CCCC1,348.15,101.325,0.2031,0.5938,0.2031,0.2031,0.5938,0.2031
2,NRTL,n-Heptane,CCCCCCC,Toluene,Cc1ccccc1,Sulfolane,O=S1(=O)CCCC1,348.15,101.325,0.1987,0.6027,0.1987,0.1987,0.6027,0.1987
2,NRTL,n-Heptane,CCCCCCC,Toluene,Cc1ccccc1,Sulfolane,O=S1(=O)CCCC1,348.15,101.325,0.1942,0.6115,0.1942,0.1942,0.6115,0.1942
2,NRTL,n-Heptane,CCCCCCC,Toluene,Cc1ccccc1,Sulfolane,O=S1(=O)CCCC1,348.15,101.325,0.1898,0.6204,0.1898,0.1898,0.6204,0.1898
2,NRTL,n-Heptane,CCCCCCC,Toluene,Cc1ccccc1,Sulfolane,O=S1(=O)CCCC1,348.15,101.325,0.1854,0.6292,0.1854,0.1854,0.6292,0.1854
2,NRTL,n-Heptane,CCCCCCC,Toluene,Cc1ccccc1,Sulfolane,O=S1(=O)CCCC1,348.15,101.325,0.181,0.6381,0.181,0.181,0.6381,0.181
2,NRTL,n-Heptane,CCCCCCC,Toluene,Cc1ccccc1,Sulfolane,O=S1(=O)CCCC1,348.15,101.325,0.1765,0.6469,0.1765,0.1765,0.6469,0.1765
2,NRTL,n-Heptane,CCCCCCC,Toluene,Cc1ccccc1,Sulfolane,O=S1(=O)CCCC1,348.15,101.325,0.1721,0.6558,0.1721,0.1721,0.6558,0.1721
2,NRTL,n-Heptane,CCCCCCC,Toluene,Cc1ccccc1,Sulfolane,O=S1(=O)CCCC1,348.15,101.325,0.1677,0.6646,0.1677,0.1677,0.6646,0.1677
2,NRTL,n-Heptane,CCCCCCC,Toluene,Cc1ccccc1,Sulfolane,O=S1(=O)CCCC1,348.15,101.325,0.1633,0.6735,0.1633,0.1633,0.6735,0.1633
2,NRTL,n-Heptane,CCCCCCC,Toluene,Cc1ccccc1,Sulfolane,O=S1(=O)CCCC1,348.15,101.325,0.1588,0.6823,0.1588,0.1588,0.6823,0.1588
2,NRTL,n-Heptane,CCCCCCC,Toluene,Cc1ccccc1,Sulfolane,O=S1(=O)CCCC1,348.15,101.325,0.1544,0.6912,0.1544,0.1544,0.6912,0.1544
2,NRTL,n-Heptane,CCCCCCC,Toluene,Cc1ccccc1,Sulfolane,O=S1(=O)CCCC1,348.15,101.325,0.15,0.7,0.15,0.15,0.7,0.15
2,UNIFAC,n-Heptane,CCCCCCC,Toluene,Cc1ccccc1,Sulfolane,O=S1(=O)CCCC1,348.15,101.325,0.463,0.0011,0.5359,0.4631,0.0011,0.5358
2,UNIFAC,n-Heptane,CCCCCCC,Toluene,Cc1ccccc1,Sulfolane,O=S1(=O)CCCC1,348.15,101.325,0.4649,0.0107,0.5244,0.4649,0.0107,0.5244
2,UNIFAC,n-Heptane,CCCCCCC,Toluene,Cc1ccccc1,Sulfolane,O=S1(=O)CCCC1,348.15,101.325,0.4907,0.0187,0.4907,0.4907,0.0187,0.4907
2,UNIFAC,n-Heptane,CCCCCCC,Toluene,Cc1ccccc1,Sulfolane,O=S1(=O)CCCC1,348.15,101.325,0.4862,0.0275,0.4862,0.4862,0.0275,0.4862
2,UNIFAC,n-Heptane,CCCCCCC,Toluene,Cc1ccccc1,Sulfolane,O=S1(=O)CCCC1,348.15,101.325,0.4818,0.0364,0.4818,0.4818,0.0364,0.4818
2,UNIFAC,n-Heptane,CCCCCCC,Toluene,Cc1ccccc1,Sulfolane,O=S1(=O)CCCC1,348.15,101.325,0.4774,0.0452,0.4774,0.4774,0.0452,0.4774
2,UNIFAC,n-Heptane,CCCCCCC,Toluene,Cc1ccccc1,Sulfolane,O=S1(=O)CCCC1,348.15,101.325,0.473,0.0541,0.473,0.473,0.0541,0.473
2,UNIFAC,n-Heptane,CCCCCCC,Toluene,Cc1ccccc1,Sulfolane,O=S1(=O)CCCC1,348.15,101.325,0.4685,0.0629,0.4685,0.4685,0.0629,0.4685
2,UNIFAC,n-Heptane,CCCCCCC,Toluene,Cc1ccccc1,Sulfolane,O=S1(=O)CCCC1,348.15,101.325,0.4641,0.0718,0.4641,0.4641,0.0718,0.4641
2,UNIFAC,n-Heptane,CCCCCCC,Toluene,Cc1ccccc1,Sulfolane,O=S1(=O)CCCC1,348.15,101.325,0.4597,0.0806,0.4597,0.4597,0.0806,0.4597
2,UNIFAC,n-Heptane,CCCCCCC,Toluene,Cc1ccccc1,Sulfolane,O=S1(=O)CCCC1,348.15,101.325,0.4553,0.0895,0.4553,0.4553,0.0895,0.4553
2,UNIFAC,n-Heptane,CCCCCCC,Toluene,Cc1ccccc1,Sulfolane,O=S1(=O)CCCC1,348.15,101.325,0.4508,0.0983,0.4508,0.4508,0.0983,0.4508
2,UNIFAC,n-Heptane,CCCCCCC,Toluene,Cc1ccccc1,Sulfolane,O=S1(=O)CCCC1,348.15,101.325,0.4464,0.1072,0.4464,0.4464,0.1072,0.4464
2,UNIFAC,n-Heptane,CCCCCCC,Toluene,Cc1ccccc1,Sulfolane,O=S1(=O)CCCC1,348.15,101.325,0.442,0.116,0.442,0.442,0.116,0.442
2,UNIFAC,n-Heptane,CCCCCCC,Toluene,Cc1ccccc1,Sulfolane,O=S1(=O)CCCC1,348.15,101.325,0.4376,0.1249,0.4376,0.4376,0.1249,0.4376
2,UNIFAC,n-Heptane,CCCCCCC,Toluene,Cc1ccccc1,Sulfolane,O=S1(=O)CCCC1,348.15,101.325,0.4331,0.1337,0.4331,0.4331,0.1337,0.4331
2,UNIFAC,n-Heptane,CCCCCCC,Toluene,Cc1ccccc1,Sulfolane,O=S1(=O)CCCC1,348.15,101.325,0.4287,0.1426,0.4287,0.4287,0.1426,0.4287
2,UNIFAC,n-Heptane,CCCCCCC,Toluene,Cc1ccccc1,Sulfolane,O=S1(=O)CCCC1,348.15,101.325,0.4243,0.1514,0.4243,0.4243,0.1514,0.4243
2,UNIFAC,n-Heptane,CCCCCCC,Toluene,Cc1ccccc1,Sulfolane,O=S1(=O)CCCC1,348.15,101.325,0.4199,0.1603,0.4199,0.4199,0.1603,0.4199
2,UNIFAC,n-Heptane,CCCCCCC,Toluene,Cc1ccccc1,Sulfolane,O=S1(=O)CCCC1,348.15,101.325,0.4154,0.1691,0.4154,0.4154,0.1691,0.4154
2,UNIFAC,n-Heptane,CCCCCCC,Toluene,Cc1ccccc1,Sulfolane,O=S1(=O)CCCC1,348.15,101.325,0.411,0.178,0.411,0.411,0.178,0.411
2,UNIFAC,n-Heptane,CCCCCCC,Toluene,Cc1ccccc1,Sulfolane,O=S1(=O)CCCC1,348.15,101.325,0.4066,0.1868,0.4066,0.4066,0.1868,0.4066
2,UNIFAC,n-Heptane,CCCCCCC,Toluene,Cc1ccccc1,Sulfolane,O=S1(=O)CCCC1,348.15,101.325,0.4022,0.1957,0.4022,0.4022,0.1957,0.4022
2,UNIFAC,n-Heptane,CCCCCCC,Toluene,Cc1ccccc1,Sulfolane,O=S1(=O)CCCC1,348.15,101.325,0.3977,0.2045,0.3977,0.3977,0.2045,0.3977
2,UNIFAC,n-Heptane,CCCCCCC,Toluene,Cc1ccccc1,Sulfolane,O=S1(=O)CCCC1,348.15,101.325,0.3933,0.2134,0.3933,0.3933,0.2134,0.3933
2,UNIFAC,n-Heptane,CCCCCCC,Toluene,Cc1ccccc1,Sulfolane,O=S1(=O)CCCC1,348.15,101.325,0.3889,0.2222,0.3889,0.3889,0.2222,0.3889
2,UNIFAC,n-Heptane,CCCCCCC,Toluene,Cc1ccccc1,Sulfolane,O=S1(=O)CCCC1,348.15,101.325,0.3845,0.2311,0.3845,0.3845,0.2311,0.3845
2,UNIFAC,n-Heptane,CCCCCCC,Toluene,Cc1ccccc1,Sulfolane,O=S1(=O)CCCC1,348.15,101.325,0.3801,0.2399,0.3801,0.3801,0.2399,0.3801
2,UNIFAC,n-Heptane,CCCCCCC,Toluene,Cc1ccccc1,Sulfolane,O=S1(=O)CCCC1,348.15,101.325,0.3756,0.2487,0.3756,0.3756,0.2487,0.3756
2,UNIFAC,n-Heptane,CCCCCCC,Toluene,Cc1ccccc1,Sulfolane,O=S1(=O)CCCC1,348.15,101.325,0.3712,0.2576,0.3712,0.3712,0.2576,0.3712
2,UNIFAC,n-Heptane,CCCCCCC,Toluene,Cc1ccccc1,Sulfolane,O=S1(=O)CCCC1,348.15,101.325,0.3668,0.2664,0.3668,0.3668,0.2664,0.3668
2,UNIFAC,n-Heptane,CCCCCCC,Toluene,Cc1ccccc1,Sulfolane,O=S1(=O)CCCC1,348.15,101.325,0.3624,0.2753,0.3624,0.3624,0.2753,0.3624
2,UNIFAC,n-Heptane,CCCCCCC,Toluene,Cc1ccccc1,Sulfolane,O=S1(=O)CCCC1,348.15,101.325,0.3579,0.2841,0.3579,0.3579,0.2841,0.3579
2,UNIFAC,n-Heptane,CCCCCCC,Toluene,Cc1ccccc1,Sulfolane,O=S1(=O)CCCC1,348.15,101.325,0.3535,0.293,0.3535,0.3535,0.293,0.3535
2,UNIFAC,n-Heptane,CCCCCCC,Toluene,Cc1ccccc1,Sulfolane,O=S1(=O)CCCC1,348.15,101.325,0.3491,0.3018,0.3491,0.3491,0.3018,0.3491
2,UNIFAC,n-Heptane,CCCCCCC,Toluene,Cc1ccccc1,Sulfolane,O=S1(=O)CCCC1,348.15,101.325,0.3447,0.3107,0.3447,0.3447,0.3107,0.3447
2,UNIFAC,n-Heptane,CCCCCCC,Toluene,Cc1ccccc1,Sulfolane,O=S1(=O)CCCC1,348.15,101.325,0.3402,0.3195,0.3402,0.3402,0.3195,0.3402
2,UNIFAC,n-Heptane,CCCCCCC,Toluene,Cc1ccccc1,Sulfolane,O=S1(=O)CCCC1,348.15,101.325,0.3358,0.3284,0.3358,0.3358,0.3284,0.3358
2,UNIFAC,n-Heptane,CCCCCCC,Toluene,Cc1ccccc1,Sulfolane,O=S1(=O)CCCC1,348.15,101.325,0.3314,0.3372,0.3314,0.3314,0.3372,0.3314
2,UNIFAC,n-Heptane,CCCCCCC,Toluene,Cc1ccccc1,Sulfolane,O=S1(=O)CCCC1,348.15,101.325,0.327,0.3461,0.327,0.327,0.3461,0.327
2,UNIFAC,n-Heptane,CCCCCCC,Toluene,Cc1ccccc1,Sulfolane,O=S1(=O)CCCC1,348.15,101.325,0.3225,0.3549,0.3225,0.3225,0.3549,0.3225
2,UNIFAC,n-Heptane,CCCCCCC,Toluene,Cc1ccccc1,Sulfolane,O=S1(=O)CCCC1,348.15,101.325,0.3181,0.3638,0.3181,0.3181,0.3638,0.3181
2,UNIFAC,n-Heptane,CCCCCCC,Toluene,Cc1ccccc1,Sulfolane,O=S1(=O)CCCC1,348.15,101.325,0.3137,0.3726,0.3137,0.3137,0.3726,0.3137
2,UNIFAC,n-Heptane,CCCCCCC,Toluene,Cc1ccccc1,Sulfolane,O=S1(=O)CCCC1,348.15,101.325,0.3093,0.3815,0.3093,0.3093,0.3815,0.3093
2,UNIFAC,n-Heptane,CCCCCCC,Toluene,Cc1ccccc1,Sulfolane,O=S1(=O)CCCC1,348.15,101.325,0.3048,0.3903,0.3048,0.3048,0.3903,0.3048
2,UNIFAC,n-Heptane,CCCCCCC,Toluene,Cc1ccccc1,Sulfolane,O=S1(=O)CCCC1,348.15,101.325,0.3004,0.3992,0.3004,0.3004,0.3992,0.3004
2,UNIFAC,n-Heptane,CCCCCCC,Toluene,Cc1ccccc1,Sulfolane,O=S1(=O)CCCC1,348.15,101.325,0.296,0.408,0.296,0.296,0.408,0.296
2,UNIFAC,n-Heptane,CCCCCCC,Toluene,Cc1ccccc1,Sulfolane,O=S1(=O)CCCC1,348.15,101.325,0.2916,0.4169,0.2916,0.2916,0.4169,0.2916
2,UNIFAC,n-Heptane,CCCCCCC,Toluene,Cc1ccccc1,Sulfolane,O=S1(=O)CCCC1,348.15,101.325,0.2871,0.4257,0.2871,0.2871,0.4257,0.2871
2,UNIFAC,n-Heptane,CCCCCCC,Toluene,Cc1ccccc1,Sulfolane,O=S1(=O)CCCC1,348.15,101.325,0.2827,0.4346,0.2827,0.2827,0.4346,0.2827
2,UNIFAC,n-Heptane,CCCCCCC,Toluene,Cc1ccccc1,Sulfolane,O=S1(=O)CCCC1,348.15,101.325,0.2783,0.4434,0.2783,0.2783,0.4434,0.2783
2,UNIFAC,n-Heptane,CCCCCCC,Toluene,Cc1ccccc1,Sulfolane,O=S1(=O)CCCC1,348.15,101.325,0.2739,0.4523,0.2739,0.2739,0.4523,0.2739
2,UNIFAC,n-Heptane,CCCCCCC,Toluene,Cc1ccccc1,Sulfolane,O=S1(=O)CCCC1,348.15,101.325,0.2694,0.4611,0.2694,0.2694,0.4611,0.2694
2,UNIFAC,n-Heptane,CCCCCCC,Toluene,Cc1ccccc1,Sulfolane,O=S1(=O)CCCC1,348.15,101.325,0.265,0.4699,0.265,0.265,0.4699,0.265
2,UNIFAC,n-Heptane,CCCCCCC,Toluene,Cc1ccccc1,Sulfolane,O=S1(=O)CCCC1,348.15,101.325,0.2606,0.4788,0.2606,0.2606,0.4788,0.2606
2,UNIFAC,n-Heptane,CCCCCCC,Toluene,Cc1ccccc1,Sulfolane,O=S1(=O)CCCC1,348.15,101.325,0.2562,0.4876,0.2562,0.2562,0.4876,0.2562
2,UNIFAC,n-Heptane,CCCCCCC,Toluene,Cc1ccccc1,Sulfolane,O=S1(=O)CCCC1,348.15,101.325,0.2518,0.4965,0.2518,0.2518,0.4965,0.2518
2,UNIFAC,n-Heptane,CCCCCCC,Toluene,Cc1ccccc1,Sulfolane,O=S1(=O)CCCC1,348.15,101.325,0.2473,0.5053,0.2473,0.2473,0.5053,0.2473
2,UNIFAC,n-Heptane,CCCCCCC,Toluene,Cc1ccccc1,Sulfolane,O=S1(=O)CCCC1,348.15,101.325,0.2429,0.5142,0.2429,0.2429,0.5142,0.2429
2,UNIFAC,n-Heptane,CCCCCCC,Toluene,Cc1ccccc1,Sulfolane,O=S1(=O)CCCC1,348.15,101.325,0.2385,0.523,0.2385,0.2385,0.523,0.2385
2,UNIFAC,n-Heptane,CCCCCCC,Toluene,Cc1ccccc1,Sulfolane,O=S1(=O)CCCC1,348.15,101.325,0.2341,0.5319,0.2341,0.2341,0.5319,0.2341
2,UNIFAC,n-Heptane,CCCCCCC,Toluene,Cc1ccccc1,Sulfolane,O=S1(=O)CCCC1,348.15,101.325,0.2296,0.5407,0.2296,0.2296,0.5407,0.2296
2,UNIFAC,n-Heptane,CCCCCCC,Toluene,Cc1ccccc1,Sulfolane,O=S1(=O)CCCC1,348.15,101.325,0.2252,0.5496,0.2252,0.2252,0.5496,0.2252
2,UNIFAC,n-Heptane,CCCCCCC,Toluene,Cc1ccccc1,Sulfolane,O=S1(=O)CCCC1,348.15,101.325,0.2208,0.5584,0.2208,0.2208,0.5584,0.2208
2,UNIFAC,n-Heptane,CCCCCCC,Toluene,Cc1ccccc1,Sulfolane,O=S1(=O)CCCC1,348.15,101.325,0.2164,0.5673,0.2164,0.2164,0.5673,0.2164
2,UNIFAC,n-Heptane,CCCCCCC,Toluene,Cc1ccccc1,Sulfolane,O=S1(=O)CCCC1,348.15,101.325,0.2119,0.5761,0.2119,0.2119,0.5761,0.2119
2,UNIFAC,n-Heptane,CCCCCCC,Toluene,Cc1ccccc1,Sulfolane,O=S1(=O)CCCC1,348.15,101.325,0.2075,0.585,0.2075,0.2075,0.585,0.2075
2,UNIFAC,n-Heptane,CCCCCCC,Toluene,Cc1ccccc1,Sulfolane,O=S1(=O)CCCC1,348.15,101.325,0.2031,0.5938,0.2031,0.2031,0.5938,0.2031
2,UNIFAC,n-Heptane,CCCCCCC,Toluene,Cc1ccccc1,Sulfolane,O=S1(=O)CCCC1,348.15,101.325,0.1987,0.6027,0.1987,0.1987,0.6027,0.1987
2,UNIFAC,n-Heptane,CCCCCCC,Toluene,Cc1ccccc1,Sulfolane,O=S1(=O)CCCC1,348.15,101.325,0.1942,0.6115,0.1942,0.1942,0.6115,0.1942
2,UNIFAC,n-Heptane,CCCCCCC,Toluene,Cc1ccccc1,Sulfolane,O=S1(=O)CCCC1,348.15,101.325,0.1898,0.6204,0.1898,0.1898,0.6204,0.1898
2,UNIFAC,n-Heptane,CCCCCCC,Toluene,Cc1ccccc1,Sulfolane,O=S1(=O)CCCC1,348.15,101.325,0.1854,0.6292,0.1854,0.1854,0.6292,0.1854
2,UNIFAC,n-Heptane,CCCCCCC,Toluene,Cc1ccccc1,Sulfolane,O=S1(=O)CCCC1,348.15,101.325,0.181,0.6381,0.181,0.181,0.6381,0.181
2,UNIFAC,n-Heptane,CCCCCCC,Toluene,Cc1ccccc1,Sulfolane,O=S1(=O)CCCC1,348.15,101.325,0.1765,0.6469,0.1765,0.1765,0.6469,0.1765
2,UNIFAC,n-Heptane,CCCCCCC,Toluene,Cc1ccccc1,Sulfolane,O=S1(=O)CCCC1,348.15,101.325,0.1721,0.6558,0.1721,0.1721,0.6558,0.1721
2,UNIFAC,n-Heptane,CCCCCCC,Toluene,Cc1ccccc1,Sulfolane,O=S1(=O)CCCC1,348.15,101.325,0.1677,0.6646,0.1677,0.1677,0.6646,0.1677
2,UNIFAC,n-Heptane,CCCCCCC,Toluene,Cc1ccccc1,Sulfolane,O=S1(=O)CCCC1,348.15,101.325,0.1633,0.6735,0.1633,0.1633,0.6735,0.1633
2,UNIFAC,n-Heptane,CCCCCCC,Toluene,Cc1ccccc1,Sulfolane,O=S1(=O)CCCC1,348.15,101.325,0.1588,0.6823,0.1588,0.1588,0.6823,0.1588
2,UNIFAC,n-Heptane,CCCCCCC,Toluene,Cc1ccccc1,Sulfolane,O=S1(=O)CCCC1,348.15,101.325,0.1544,0.6912,0.1544,0.1544,0.6912,0.1544
2,UNIFAC,n-Heptane,CCCCCCC,Toluene,Cc1ccccc1,Sulfolane,O=S1(=O)CCCC1,348.15,101.325,0.15,0.7,0.15,0.15,0.7,0.15
2,COSMO-RS,n-Heptane,CCCCCCC,Toluene,Cc1ccccc1,Sulfolane,O=S1(=O)CCCC1,348.15,101.325,0.0574741,0.0631814,0.8793445,0.8679739,0.1033705,0.0286556
2,COSMO-RS,n-Heptane,CCCCCCC,Toluene,Cc1ccccc1,Sulfolane,O=S1(=O)CCCC1,348.15,101.325,0.0582774,0.0963815,0.8453412,0.8078878,0.1590145,0.0330977
2,COSMO-RS,n-Heptane,CCCCCCC,Toluene,Cc1ccccc1,Sulfolane,O=S1(=O)CCCC1,348.15,101.325,0.0594445,0.1315903,0.8089652,0.7430733,0.2181068,0.03882
2,COSMO-RS,n-Heptane,CCCCCCC,Toluene,Cc1ccccc1,Sulfolane,O=S1(=O)CCCC1,348.15,101.325,0.0610996,0.1698812,0.7690192,0.6721006,0.2814163,0.0464831
2,COSMO-RS,n-Heptane,CCCCCCC,Toluene,Cc1ccccc1,Sulfolane,O=S1(=O)CCCC1,348.15,101.325,0.063479,0.2129848,0.7235363,0.5928231,0.349859,0.0573179
2,COSMO-RS,n-Heptane,CCCCCCC,Toluene,Cc1ccccc1,Sulfolane,O=S1(=O)CCCC1,348.15,101.325,0.0734699,0.3308219,0.5957082,0.3916955,0.5048065,0.103498
2,COSMO-RS,n-Heptane,CCCCCCC,Toluene,Cc1ccccc1,Sulfolane,O=S1(=O)CCCC1,348.15,101.325,0.0912393,0.4420698,0.4666908,0.2420686,0.5785845,0.1793469
2,COSMO-RS,n-Heptane,CCCCCCC,Toluene,Cc1ccccc1,Sulfolane,O=S1(=O)CCCC1,348.15,101.325,0.0799392,0.3806327,0.5394281,0.3189084,0.5483683,0.1327233
2,COSMO-RS,n-Heptane,CCCCCCC,Toluene,Cc1ccccc1,Sulfolane,O=S1(=O)CCCC1,348.15,101.325,0.0699159,0.2964219,0.6336622,0.4468571,0.4661119,0.0870309
2,COSMO-RS,n-Heptane,CCCCCCC,Toluene,Cc1ccccc1,Sulfolane,O=S1(=O)CCCC1,348.15,101.325,0.0640061,0.2213367,0.7146572,0.5776492,0.3626158,0.059735
2,COSMO-RS,n-Heptane,CCCCCCC,Toluene,Cc1ccccc1,Sulfolane,O=S1(=O)CCCC1,348.15,101.325,0.0601394,0.1488436,0.7910171,0.711103,0.246828,0.042069
2,COSMO-RS,n-Heptane,CCCCCCC,Toluene,Cc1ccccc1,Sulfolane,O=S1(=O)CCCC1,348.15,101.325,0.0577445,0.0757716,0.8664839,0.8453381,0.1244189,0.030243
2,COSMO-RS,n-Heptane,CCCCCCC,Toluene,Cc1ccccc1,Sulfolane,O=S1(=O)CCCC1,348.15,101.325,0.0567293,0.0,0.9432707,0.9778045,0.0,0.0221955
2,COSMO-RS,n-Heptane,CCCCCCC,Toluene,Cc1ccccc1,Sulfolane,O=S1(=O)CCCC1,348.15,101.325,0.0596854,0.1378105,0.8025041,0.7315555,0.2284898,0.0399548
2,COSMO-RS,n-Heptane,CCCCCCC,Toluene,Cc1ccccc1,Sulfolane,O=S1(=O)CCCC1,348.15,101.325,0.0612939,0.1738039,0.7649022,0.6648445,0.2877917,0.0473638
2,COSMO-RS,n-Heptane,CCCCCCC,Toluene,Cc1ccccc1,Sulfolane,O=S1(=O)CCCC1,348.15,101.325,0.0629719,0.2046164,0.7324117,0.6080975,0.3368953,0.0550072
2,COSMO-RS,n-Heptane,CCCCCCC,Toluene,Cc1ccccc1,Sulfolane,O=S1(=O)CCCC1,348.15,101.325,0.0646292,0.2307351,0.7046356,0.5606959,0.3767179,0.0625862
2,COSMO-RS,n-Heptane,CCCCCCC,Toluene,Cc1ccccc1,Sulfolane,O=S1(=O)CCCC1,348.15,101.325,0.0662158,0.252817,0.6809671,0.5214152,0.4087023,0.0698825
2,COSMO-RS,n-Heptane,CCCCCCC,Toluene,Cc1ccccc1,Sulfolane,O=S1(=O)CCCC1,348.15,101.325,0.067708,0.2715351,0.6607569,0.4888756,0.434359,0.0767654
2,COSMO-RS,n-Heptane,CCCCCCC,Toluene,Cc1ccccc1,Sulfolane,O=S1(=O)CCCC1,348.15,101.325,0.0690888,0.2874688,0.6434424,0.4617828,0.4550282,0.083189
